
[
  {
    "question": "học phí",
    "answer": "🎓 Học phí dự kiến: khối Kinh tế: 352.000đ/tín chỉ, khối Kỹ thuật: 389.000đ/tín chỉ."
  },
  {
    "question": "điều kiện xét học bạ",
    "answer": "📋 Tổng điểm TB các môn khối xét tuyển >= 18.0 và hạnh kiểm Khá trở lên."
  },
  {
    "question": "thời gian nhập học",
    "answer": "📅 Thời gian nhập học dự kiến: từ tháng 8 đến tháng 9 hàng năm."
  },
  {
    "question": "điểm chuẩn công nghệ thông tin",
    "answer": "💻 Ngành Công nghệ thông tin có điểm chuẩn khoảng 27 điểm."
  },
  {
    "question": "quản trị kinh doanh",
    "answer": "📈 Ngành Quản trị kinh doanh có điểm chuẩn khoảng 26.5 điểm."
  }
]
